,0
$,A
^,T
t,GAA
p,GATA
R,GATTAA
:,GATTAT
M,GATTAG
+,GATTAC
4,GATTT
x,GATTG
5,GATTC
u,GATG
1,GATC
"
",GAGAA
T,GAGAT
"""",GAGAGAA
&,GAGAGATA
%,GAGAGATT
*,GAGAGATGA
\,GAGAGATGT
>,GAGAGATGGA
<,GAGAGATGGT
!,GAGAGATGGGAA
Y,GAGAGATGGGAT
X,GAGAGATGGGAG
~,GAGAGATGGGAC
@,GAGAGATGGGT
?,GAGAGATGGGG
},GAGAGATGGGCA
{,GAGAGATGGGCT
`,GAGAGATGGGCG
_,GAGAGATGGGCC
K,GAGAGATGGC
',GAGAGATGC
#,GAGAGATC
Z,GAGAGAG
V,GAGAGAC
H,GAGAGT
G,GAGAGG
E,GAGAGC
3,GAGAC
m,GAGT
),GAGGA
(,GAGGT
z,GAGGGA
L,GAGGGT
q,GAGGGG
F,GAGGGC
v,GAGGC
l,GAGC
e,GAC
c,GTAA
d,GTAT
h,GTAG
2,GTACA
],GTACTAA
O,GTACTAT
U,GTACTAG
J,GTACTAC
S,GTACTT
=,GTACTG
[,GTACTCA
j,GTACTCT
N,GTACTCG
Q,GTACTCC
I,GTACGA
P,GTACGT
C,GTACGG
A,GTACGC
y,GTACC
 ,GTT
r,GTGA
w,GTGTA
/,GTGTTA
9,GTGTTT
8,GTGTTG
6,GTGTTC
g,GTGTG
-,GTGTCA
k,GTGTCT
7,GTGTCG
;,GTGTCCA
D,GTGTCCT
B,GTGTCCG
W,GTGTCCC
n,GTGG
s,GTGC
a,GTCA
i,GTCT
o,GTCG
f,GTCCA
",",GTCCT
b,GTCCG
0,GTCCC
.,GG
|,GC
